emotion_quadrant,music_name,avg_note_velocity,std_note_velocity,total_midi_events,num_note_on_events,pitch_range,min_note_pitch
Q1 Q2 Q3 Q4,string,continuous,continuous,continuous,continuous,continuous,continuous
class,meta,,,,,,
Q1,Q1_0vLPYiPN7qY_0,31.8728,33.3239,366,338,55,36
Q1,Q1_0vLPYiPN7qY_1,25.4192,26.3662,898,842,43,36
Q1,Q1_0vLPYiPN7qY_2,30.8186,32.3385,770,700,57,29
Q1,Q1_1Qc15G0ZHIg_2,36.7859,37.5463,784,696,48,28
Q1,Q1_1Qc15G0ZHIg_3,39.63,40.3054,592,546,50,33
Q1,Q1_1vjy9oMFa8c_2,34.6089,36.2301,398,358,52,27
Q1,Q1_1vjy9oMFa8c_4,39.9423,40.6584,304,260,55,27
Q1,Q1_1vjy9oMFa8c_5,39.1349,40.1643,978,882,67,24
Q1,Q1_2Z9SjI131jA_0,30.8979,31.5103,650,578,34,45
Q1,Q1_2Z9SjI131jA_1,30.5,31.4749,472,446,50,41
Q1,Q1_2Z9SjI131jA_10,34.4437,34.7862,320,284,49,38
Q1,Q1_2Z9SjI131jA_11,32.3812,35.3504,454,362,52,43
Q1,Q1_2Z9SjI131jA_12,29.4416,30.3961,580,548,50,36
Q1,Q1_2Z9SjI131jA_13,36.9076,37.632,618,498,50,45
Q1,Q1_2Z9SjI131jA_15,37.3716,37.7913,356,296,59,40
Q1,Q1_2Z9SjI131jA_2,35.6817,36.6917,646,578,60,41
Q1,Q1_2Z9SjI131jA_3,32.65,33.6823,382,320,36,41
Q1,Q1_2Z9SjI131jA_4,34.3425,35.2903,516,438,48,36
Q1,Q1_2Z9SjI131jA_7,33.7336,34.2294,480,458,53,38
Q1,Q1_2Z9SjI131jA_8,34.9133,35.415,510,450,49,45
Q1,Q1_2Z9SjI131jA_9,30.6243,32.1325,444,370,43,43
Q1,Q1_3N2G21U7guk_3,37.1199,37.924,840,792,55,29
Q1,Q1_3N2G21U7guk_5,38.7203,39.726,566,522,40,35
Q1,Q1_3ahg_eQZhxs_0,42.7978,43.8246,718,648,60,24
Q1,Q1_3ahg_eQZhxs_1,43.4859,44.7607,548,498,68,26
Q1,Q1_4dXC1cC7crw_0,38.245,39.4889,596,502,51,32
Q1,Q1_5NW0zDu6IYM_2,43.9243,44.4528,1482,1400,64,27
Q1,Q1_60LLKmpgzRM_0,21.1058,23.7376,132,104,55,29
Q1,Q1_6Uf9XBUD3wE_0,35.6433,36.3008,410,356,56,30
Q1,Q1_6Uf9XBUD3wE_1,31.3183,32.4196,1226,1156,67,28
Q1,Q1_6wFJhmhNeeg_0,48.0653,48.5494,1324,1226,51,30
Q1,Q1_7yW9c7t8Hq0_1,43.7619,44.5467,934,840,62,29
Q1,Q1_7yW9c7t8Hq0_3,44.6807,45.513,1074,974,62,29
Q1,Q1_8rupdevqfuI_2,34.3333,35.914,426,396,53,34
Q1,Q1_94ROf10d1iA_0,35.9256,37.269,292,242,50,42
Q1,Q1_94ROf10d1iA_1,36.1242,37.0498,374,314,43,47
Q1,Q1_94ROf10d1iA_2,36.6909,37.2748,156,110,34,39
Q1,Q1_94ROf10d1iA_3,40.8781,41.5463,666,566,55,37
Q1,Q1_9Yb9OEVwups_0,33.9688,35.0457,438,384,40,31
Q1,Q1_9v2WSpn4FCw_1,45.2247,46.0724,336,316,58,26
Q1,Q1_9v2WSpn4FCw_5,44.9382,45.9087,426,372,51,29
Q1,Q1_9v2WSpn4FCw_6,40.568,41.4398,458,412,57,24
Q1,Q1_ANZf1QXsNrY_0,41.1882,42.2856,562,510,75,26
Q1,Q1_ANZf1QXsNrY_3,40.222,41.18,612,572,74,24
Q1,Q1_BGf5nCdzPOc_0,37.4868,38.0501,1136,1062,45,38
Q1,Q1_Cg2u_Ldjv8g_0,24.9468,25.9925,578,526,50,41
Q1,Q1_Cg2u_Ldjv8g_1,27.0216,28.6452,686,602,43,41
Q1,Q1_Fc1qk52SaKY_0,31.5405,32.8546,746,692,57,25
Q1,Q1_Fc1qk52SaKY_1,34.4391,35.3821,700,640,58,27
Q1,Q1_FfwKrQyQ7WU_0,28.2212,29.6068,612,556,40,31
Q1,Q1_FfwKrQyQ7WU_1,32.5936,33.4605,550,502,47,31
Q1,Q1_FfwKrQyQ7WU_2,36.6281,37.1737,452,406,47,31
Q1,Q1_FfwKrQyQ7WU_3,34.9518,35.8216,520,456,47,31
Q1,Q1_GY3f6ckBVkA_0,39.3739,40.4403,440,436,39,61
Q1,Q1_GbUV3TXUzeQ_1,39.5899,40.1444,686,634,69,25
Q1,Q1_GbUV3TXUzeQ_2,36.7394,37.7967,912,852,58,25
Q1,Q1_HY9vPoHbgaI_0,33.3193,34.4506,390,332,43,38
Q1,Q1_HY9vPoHbgaI_2,35.5867,36.6682,518,450,43,41
Q1,Q1_HY9vPoHbgaI_3,35.9571,36.8154,314,280,41,41
Q1,Q1_IH2KrGjKXw0_3,29.0497,30.7254,1078,1006,43,37
Q1,Q1_Ie5koh4qvJc_12,28.1868,29.4573,1794,1756,65,38
Q1,Q1_Ie5koh4qvJc_6,28.2315,30.4604,908,812,72,28
Q1,Q1_J6X3rVU1H-c_2,46.598,47.3595,840,786,60,25
Q1,Q1_JT1XJnVmABo_2,42.4068,43.0183,772,730,75,24
Q1,Q1_JT1XJnVmABo_3,37.1025,38.1662,266,244,49,44
Q1,Q1_JT1XJnVmABo_4,32.4126,33.5887,438,412,41,42
Q1,Q1_JYVXM0qNQAg_0,32.6381,33.2783,546,478,45,36
Q1,Q1_JYVXM0qNQAg_2,35.1992,35.672,538,472,53,40
Q1,Q1_K6OFDxBU370_0,31.3693,32.2988,482,436,52,30
Q1,Q1_KxlqB3j0zys_0,30.9588,32.3554,378,340,48,39
Q1,Q1_KxlqB3j0zys_1,30.6066,32.3001,306,272,47,38
Q1,Q1_NGE9ynTJABg_0,42.1747,43.8997,1016,990,71,26
Q1,Q1_NGE9ynTJABg_2,47.676,48.4338,590,534,62,26
Q1,Q1_NP0lwB-_-og_1,37.0925,37.8393,850,800,48,40
Q1,Q1_POaIGvLsp5M_0,35.3663,35.9589,410,344,38,43
Q1,Q1_POaIGvLsp5M_1,37.5979,38.0332,448,378,31,54
Q1,Q1_PdwxeMPXOCk_0,38.4151,39.0607,846,742,43,34
Q1,Q1_QwsQ8ejbMKg_0,40.1589,41.0489,898,818,61,25
Q1,Q1_RaUSISlnhKw_0,31.0064,32.8002,484,466,64,24
Q1,Q1_RaUSISlnhKw_2,38.4803,39.4113,820,762,72,24
Q1,Q1_SQDuF0qxGQw_2,47.323,47.8899,750,678,79,25
Q1,Q1_SlsXsqotUis_0,45.6814,46.4255,940,904,76,24
Q1,Q1_TNoaOTrTkTQ_1,32.613,33.4711,556,522,58,33
Q1,Q1_TNoaOTrTkTQ_2,34.3973,35.02,438,370,41,43
Q1,Q1_UJcnNfeCN1c_2,34.6379,35.2322,384,348,53,46
Q1,Q1_UJcnNfeCN1c_3,33.9733,34.5193,298,262,36,42
Q1,Q1_UOSlDydo94E_0,36.9389,38.109,482,442,28,36
Q1,Q1_UOSlDydo94E_2,45.0644,46.1177,658,606,72,24
Q1,Q1_UYh88SRZC24_1,44.5841,45.1105,892,856,80,25
Q1,Q1_V3Y9L4UOcpk_2,39.9384,40.8754,734,666,55,30
Q1,Q1_VXgRfsVd_o0_0,40.0682,41.244,334,308,69,31
Q1,Q1_WpZ1rWHOCAQ_2,39.7783,40.2731,666,600,62,26
Q1,Q1_Wy2-my19YnY_0,46.8024,47.2482,616,572,67,26
Q1,Q1_Wy2-my19YnY_1,47.2638,47.7856,650,614,61,25
Q1,Q1_XC_SiJszQx0_3,36.5973,37.3537,826,750,53,29
Q1,Q1_Xsn9zT-05ns_0,41.6253,42.471,826,774,72,24
Q1,Q1_Xsn9zT-05ns_1,45.0693,45.7346,1010,938,79,24
Q1,Q1_Y5JcZQ0xg4Y_0,35.6696,36.2102,242,224,31,53
Q1,Q1_ZgT7yq2jsBk_0,33.6513,34.3745,680,628,67,28
Q1,Q1__BK2o77sTc0_0,30.884,31.3059,582,526,60,38
Q1,Q1__BK2o77sTc0_1,29.913,30.5657,546,506,41,47
Q1,Q1__SJQaaRzD-A_0,37.4022,37.9438,414,368,53,29
Q1,Q1__kJtgm1OUNA_0,35.3866,37.3451,508,476,47,49
Q1,Q1__kJtgm1OUNA_1,43.716,44.3158,758,662,60,29
Q1,Q1_aYe-2Glruu4_0,43.0332,43.7372,702,632,51,29
Q1,Q1_bIx4DwkZxFY_0,32.2089,33.1301,352,292,45,40
Q1,Q1_bIx4DwkZxFY_1,32.6528,33.5821,576,530,58,33
Q1,Q1_bIx4DwkZxFY_2,29.6913,30.4295,426,366,36,38
Q1,Q1_bQS8eAXAhyE_0,37.3446,38.4221,390,354,38,48
Q1,Q1_biROWEwkDQQ_3,38.6607,39.5383,566,504,55,28
Q1,Q1_cB-Xh8H_7-Q_0,32.8414,33.3772,966,870,50,31
Q1,Q1_dfNdpy8TUzA_0,33.2273,34.5283,318,286,41,44
Q1,Q1_dfNdpy8TUzA_2,35.1741,36.2877,438,402,43,37
Q1,Q1_doM_LWo-74A_3,45,45.7725,400,364,72,26
Q1,Q1_doM_LWo-74A_4,48.0675,48.6229,1012,934,74,26
Q1,Q1_e838BE_MH6s_1,43.7749,44.854,454,422,70,24
Q1,Q1_e8NQ2NH0nc8_0,28.9733,30.524,536,486,51,31
Q1,Q1_eVMSeElk81Q_1,46.9086,47.2887,1014,908,65,26
Q1,Q1_fey-8bOR95E_0,42.0872,42.8165,812,780,78,25
Q1,Q1_fey-8bOR95E_1,43.0314,43.4958,876,828,57,31
Q1,Q1_fey-8bOR95E_3,43.7172,44.2348,866,824,60,28
Q1,Q1_gSwv8hZGM-s_0,39.2381,40.054,984,928,72,29
Q1,Q1_gwmVjvR-sVs_1,49.8153,50.3497,440,406,72,24
Q1,Q1_im4Qxn3GQvo_0,30.383,31.8533,590,530,51,30
Q1,Q1_im4Qxn3GQvo_2,35.8612,37.1145,642,562,70,30
Q1,Q1_jziI_cuN_H8_0,41.3432,42.248,644,606,51,26
Q1,Q1_jziI_cuN_H8_1,46.3415,47.2958,790,732,68,26
Q1,Q1_jziI_cuN_H8_2,44.0789,45.3327,1074,988,70,24
Q1,Q1_k4dxAlI5N-k_1,39.937,40.2201,1674,1636,64,37
Q1,Q1_mX-xs3OVhTs_1,38.6395,40.2379,442,380,58,26
Q1,Q1_miqLU2739dk_1,41.6047,42.144,922,888,67,24
Q1,Q1_osxmQReE_2o_0,34.0801,35.8011,682,624,45,38
Q1,Q1_pNwQ9Tu_bCs_0,36.2837,37.0827,496,430,46,33
Q1,Q1_qlbazHayULg_8,39.9658,40.5678,1044,964,60,24
Q1,Q1_r6laJv1-HMg_0,39.7155,40.8134,654,580,53,25
Q1,Q1_s5b8viFsVJE_0,32.4503,33.1084,758,684,55,30
Q1,Q1_s5b8viFsVJE_1,29.6935,31.0559,938,894,58,30
Q1,Q1_s5b8viFsVJE_2,34.2329,34.9497,848,790,62,28
Q1,Q1_sUJ4a74Skk8_0,34.9746,36.0695,422,394,50,28
Q1,Q1_sZe3IB1OVfw_0,31.7119,32.6581,512,472,52,30
Q1,Q1_sZe3IB1OVfw_1,30.3377,31.3015,502,462,52,30
Q1,Q1_uqRLEByE6pU_0,35.4092,35.866,1022,958,62,30
Q1,Q1_uqRLEByE6pU_1,35.014,35.69,382,358,53,30
Q1,Q1_uqRLEByE6pU_2,35.7044,36.1946,1244,1184,67,30
Q1,Q1_vv6nrZ2myXw_0,35.1733,36.3555,496,450,40,44
Q1,Q1_vv6nrZ2myXw_1,37.9279,39.1754,662,596,60,27
Q1,Q1_vv6nrZ2myXw_4,40.2402,41.3533,562,508,60,24
Q1,Q1_wnB2cjd6zbE_0,33.4041,34.0359,880,834,49,29
Q1,Q1_xrhWli_R98g_3,37.3349,38.0072,460,436,58,28
Q1,Q1_yFw_kO7DF-Y_0,45.6343,46.4853,782,722,62,24
Q1,Q1_yFw_kO7DF-Y_2,46.0545,47.1161,1076,990,76,24
Q1,Q1_zHwJG8Rrx6c_0,33.3844,34.5555,354,320,38,44
Q1,Q1_zmZHNy9T8Pg_1,33.2646,34.2529,994,960,56,28
Q1,Q1_zmZHNy9T8Pg_2,37.7955,38.3791,532,484,58,28
Q2,Q2_--2B4d4lQhs_0,45.5116,46.328,1014,950,71,29
Q2,Q2_--2B4d4lQhs_1,47.6986,48.2537,1706,1626,73,28
Q2,Q2_08t73Qgjkt4_0,31.8952,33.4855,532,458,50,28
Q2,Q2_08t73Qgjkt4_1,34.1899,35.4684,402,358,50,28
Q2,Q2_08t73Qgjkt4_2,39.0991,40.7066,1012,918,65,25
Q2,Q2_0J7lX-Tcx-w_0,39.1476,39.7459,570,542,60,25
Q2,Q2_0J7lX-Tcx-w_2,42.0527,42.6214,708,664,75,23
Q2,Q2_0v2N1ROvEI0_0,40.9234,41.2696,1832,1802,70,24
Q2,Q2_0v2N1ROvEI0_1,38.3708,38.8288,438,418,67,26
Q2,Q2_16OaOpfOPZ0_3,44.5179,45.3341,534,502,47,33
Q2,Q2_1EDThWjNxOI_0,33.9023,35.1315,296,266,39,44
Q2,Q2_1EDThWjNxOI_1,39.202,40.0014,336,302,51,34
Q2,Q2_1Q3MoBFh6eU_1,30.7014,31.7824,776,720,68,34
Q2,Q2_1kny88W533Q_0,35.8934,37.7474,288,244,48,24
Q2,Q2_1kny88W533Q_3,39.5948,40.2317,822,696,58,28
Q2,Q2_1kny88W533Q_4,43.5,44.3012,750,672,51,28
Q2,Q2_2uLw9Zs60A4_0,41.6577,42.8036,574,520,71,25
Q2,Q2_3ZnxqCZ7qGg_1,31.274,32.1456,380,354,28,48
Q2,Q2_3ZnxqCZ7qGg_2,37.3481,38.2289,568,540,43,45
Q2,Q2_3_MxhSS86oU_0,41.3501,41.7306,1070,994,57,24
Q2,Q2_48EYLEAgaBc_0,36.4531,37.331,192,128,43,36
Q2,Q2_48EYLEAgaBc_1,37.5816,38.2153,138,98,50,29
Q2,Q2_5CEAeMiXKaA_0,30.4358,30.9229,456,374,36,48
Q2,Q2_5NW0zDu6IYM_0,38.5601,39.6698,622,582,53,34
Q2,Q2_6n8HgIcJ6vo_0,38.7614,39.3828,328,264,32,39
Q2,Q2_78C_TpQDvVE_0,37.1418,37.5301,286,268,51,42
Q2,Q2_78C_TpQDvVE_1,33.7857,34.8437,556,504,56,37
Q2,Q2_7n32BtYb4d4_1,37.8879,38.0884,458,446,50,28
Q2,Q2_7n32BtYb4d4_3,42.6596,43.1491,724,664,60,28
Q2,Q2_9v2WSpn4FCw_2,40.7027,41.8007,592,528,59,27
Q2,Q2_9v2WSpn4FCw_6,44.6612,45.3711,2624,2456,74,24
Q2,Q2_ANZf1QXsNrY_6,43.9806,44.8497,550,516,53,24
Q2,Q2_ANZf1QXsNrY_7,42.9544,44.2419,966,922,60,28
Q2,Q2_AacIP9mDLw8_0,33.7102,34.0926,536,452,39,40
Q2,Q2_AacIP9mDLw8_2,32.0331,32.4471,592,514,42,37
Q2,Q2_BzqX-9TA-GY_1,31.6667,32.4863,284,258,48,32
Q2,Q2_BzqX-9TA-GY_2,32.1892,33.1776,342,296,55,27
Q2,Q2_CxFXrYgdSSI_0,28.392,29.6806,364,324,50,29
Q2,Q2_CxFXrYgdSSI_1,28.1377,29.3198,886,828,61,34
Q2,Q2_CxFXrYgdSSI_2,32.386,33.6042,978,912,68,33
Q2,Q2_D-gDPh9ZpFk_0,37.6205,38.2939,678,614,52,31
Q2,Q2_D-gDPh9ZpFk_2,42,42.7088,882,812,57,31
Q2,Q2_D5kyjnlDNZs_0,37.8787,39.3445,798,750,60,27
Q2,Q2_DYBBfpEx-JI_1,37.3852,38.4813,550,488,52,34
Q2,Q2_Dg935IbDggo_0,29.7274,31.5809,848,796,51,24
Q2,Q2_Dg935IbDggo_1,36.8154,37.5706,924,872,55,24
Q2,Q2_DhnX54kOW8U_0,40.0975,40.8243,748,718,60,24
Q2,Q2_EtAbPc20mn8_0,30.1658,31.538,436,392,70,23
Q2,Q2_FUAK5TBaNY8_1,43.558,44.3787,546,500,60,36
Q2,Q2_Ie5koh4qvJc_10,23.6877,25.1704,592,570,56,31
Q2,Q2_Ie5koh4qvJc_11,32.2969,33.55,1204,1162,60,36
Q2,Q2_Ie5koh4qvJc_13,35.1167,35.7671,1366,1302,43,52
Q2,Q2_Ie5koh4qvJc_26,26.465,27.8925,520,486,40,38
Q2,Q2_Ie5koh4qvJc_30,27.1084,28.3814,616,526,51,32
Q2,Q2_Ie5koh4qvJc_7,27.4755,29.0148,726,652,64,30
Q2,Q2_Ie5koh4qvJc_9,28.4597,29.4957,1010,968,46,33
Q2,Q2_Iq6g_4AwUWs_0,40.1993,41.0451,866,818,74,24
Q2,Q2_Iq6g_4AwUWs_1,44.2519,44.7068,580,532,72,24
Q2,Q2_JMt4m608s3k_2,46.5521,47.4697,982,922,72,26
Q2,Q2_JT1XJnVmABo_6,42.679,43.2728,830,782,75,24
Q2,Q2_Kk60F8a7-Jw_0,38.3321,39.0186,584,548,57,36
Q2,Q2_L3_TadjSQQ0_1,41.1203,41.3449,990,956,34,50
Q2,Q2_OCqMDeD6Fmc_1,39.1169,39.8085,782,744,60,24
Q2,Q2_OCqMDeD6Fmc_2,38.364,38.7785,1226,1162,57,27
Q2,Q2_P-We4q3goKU_1,33.7991,34.6347,298,234,55,26
Q2,Q2_P-We4q3goKU_4,32.2578,32.7146,316,256,36,45
Q2,Q2_P-We4q3goKU_6,34.4854,34.9198,838,686,46,36
Q2,Q2_Q5b5unyP8BM_0,42.0754,42.5,906,836,77,25
Q2,Q2_REq37pDAm3A_2,29.6125,30.6183,346,320,48,32
Q2,Q2_RiQMuhk_SuQ_1,33.6,33.9755,784,700,36,28
Q2,Q2_RiQMuhk_SuQ_2,36.0659,36.3503,2154,1852,53,29
Q2,Q2_S1T3UF1vhSk_1,17.6503,20.9441,318,306,49,31
Q2,Q2_S1T3UF1vhSk_2,27.1124,31.1692,514,498,67,32
Q2,Q2_S7Bo4-NCEDk_0,32.7605,33.8453,1070,1044,46,37
Q2,Q2_S7Bo4-NCEDk_1,35.4784,36.0672,988,972,46,37
Q2,Q2_S7Bo4-NCEDk_2,31.8745,33.485,486,462,51,44
Q2,Q2_TcFVq0leii4_1,29.2512,29.9199,900,808,38,43
Q2,Q2_TcFVq0leii4_2,32.1435,32.7232,1046,906,48,36
Q2,Q2_UAm0aWvzFI8_1,41.543,42.0895,892,814,74,24
Q2,Q2_UE0y8MHqT-g_1,47.1394,48.067,1094,1040,82,22
Q2,Q2_UJcnNfeCN1c_1,34.3912,34.8525,388,340,34,41
Q2,Q2_Uu-oRTRT6uQ_0,47.7115,48.4243,952,936,56,25
Q2,Q2_Uu-oRTRT6uQ_1,47.6285,48.0748,1062,1004,60,28
Q2,Q2_Uu-oRTRT6uQ_2,48.4718,49.0924,594,568,68,25
Q2,Q2_WBxql6cuU7c_0,32.8268,34.4209,1014,918,48,33
Q2,Q2_WQrPcuy50aA_0,35.081,35.3431,706,642,47,35
Q2,Q2_WQrPcuy50aA_1,35.3213,35.6645,648,582,50,36
Q2,Q2_ZTrEoB8T9YA_0,39.6294,40.8327,808,734,60,29
Q2,Q2_ZTrEoB8T9YA_1,37.4595,38.5409,428,370,55,34
Q2,Q2_ZTrEoB8T9YA_2,41.4325,42.4143,638,578,64,27
Q2,Q2_ZdyiXIlKe_Y_0,42.5368,43.0485,614,570,72,24
Q2,Q2__FVzelKlBFs_2,46.2689,46.5956,544,528,67,25
Q2,Q2__S991V8N-8s_1,34.8719,36.3718,688,562,76,24
Q2,Q2__vZOEQCYSaY_1,28.3075,29.9387,458,348,43,42
Q2,Q2_b8HVQtIoBYU_0,36.6449,37.1139,468,428,55,24
Q2,Q2_b8HVQtIoBYU_1,39.7076,40.2349,736,708,59,24
Q2,Q2_bfopzItCYrE_1,39.3943,40.2316,526,454,52,29
Q2,Q2_cFWdWpyvwag_0,35.7097,36.1129,562,472,31,41
Q2,Q2_cFWdWpyvwag_1,37.6343,38.0591,1232,1072,57,34
Q2,Q2_cm6E860vDjY_1,42.8427,44.0297,1034,966,65,26
Q2,Q2_cm6E860vDjY_2,43.0916,44.1052,828,764,69,26
Q2,Q2_dtS02mrDMsM_1,48.7887,49.2675,1070,994,75,24
Q2,Q2_ezoAduuCkUs_0,27.8256,29.8316,1094,1084,53,31
Q2,Q2_f2BXXa7lPuE_0,34.0138,35.096,532,508,67,24
Q2,Q2_fuCxYrru2S4_1,29.9647,32.3646,554,482,55,26
Q2,Q2_fuCxYrru2S4_2,34.013,35.272,858,768,56,26
Q2,Q2_gvWDOIiocuE_1,33.5,35.3244,716,658,51,38
Q2,Q2_ijfxkQPAQdE_1,32.9344,33.4977,1762,1722,46,40
Q2,Q2_ijfxkQPAQdE_2,30.8112,31.8868,1384,1266,38,53
Q2,Q2_ivCNV47tsRw_1,37.9254,38.6548,856,818,60,25
Q2,Q2_iwxwLEvqeD8_1,31.6969,32.4604,318,254,36,38
Q2,Q2_jIKX3ShvLxo_0,41.7524,42.4062,670,638,71,24
Q2,Q2_jO2zX6Ul8GM_0,25.0097,26.1191,292,206,37,37
Q2,Q2_jO2zX6Ul8GM_1,25.6947,26.89,352,262,41,37
Q2,Q2_jrVXitpLGMk_0,42.2351,42.6542,526,502,63,26
Q2,Q2_jrVXitpLGMk_1,42.4148,42.7743,844,810,64,24
Q2,Q2_k4lT-sXg3iI_0,38.5337,39.2953,530,504,26,38
Q2,Q2_k4lT-sXg3iI_1,39.5319,40.3651,528,502,41,35
Q2,Q2_kKFwiXKlhC8_0,45.7387,46.17,584,486,48,38
Q2,Q2_lalnGhxT3PQ_0,33.7667,34.7269,872,836,58,29
Q2,Q2_miqLU2739dk_0,42.3396,42.7036,726,692,67,24
Q2,Q2_mlHheZbblT0_1,43.4765,43.8562,574,554,72,24
Q2,Q2_pouxqiySdI8_1,43.0308,43.2649,618,552,48,33
Q2,Q2_qlbazHayULg_10,37.4057,38.3125,842,774,60,24
Q2,Q2_qlbazHayULg_12,42.3851,43.0498,820,766,71,24
Q2,Q2_qlbazHayULg_4,38.7886,39.6761,818,752,74,26
Q2,Q2_qlbazHayULg_5,41.9018,42.7127,808,774,78,24
Q2,Q2_rEz0D3VohFA_1,41.0959,42.0501,914,876,65,25
Q2,Q2_snfsc7pEzlk_0,35.3535,36.0301,416,396,54,27
Q2,Q2_ufRISSD28XA_0,46.6538,47.2139,498,442,60,24
Q2,Q2_ufRISSD28XA_1,50.1362,50.4459,546,514,68,31
Q2,Q2_wfXSdMsd4q8_5,42.5564,43.662,752,674,65,37
Q2,Q2_x5ibvz38jOs_0,42.8502,43.3343,564,534,67,25
Q2,Q2_yZGBxiNPu3k_0,38.8884,39.3358,790,708,45,22
Q2,Q2_yhIncZ_Ue4E_0,31.6103,32.3827,446,408,38,39
Q2,Q2_yhIncZ_Ue4E_1,34.5359,35.048,404,362,38,51
Q2,Q2_yhIncZ_Ue4E_2,33.6659,34.2385,462,422,48,37
Q2,Q2_yrvKReuwVlY_0,37.8889,39.4866,392,360,39,39
Q2,Q2_yrvKReuwVlY_1,44.7226,46.3514,312,292,48,34
Q2,Q2_yrvKReuwVlY_2,48.7521,49.476,1226,1174,67,27
Q2,Q2_z5ewpQwGDNw_0,40.125,40.7466,376,344,48,28
Q2,Q2_z5ewpQwGDNw_1,40.9476,41.4224,422,382,56,35
Q2,Q2_z5ewpQwGDNw_2,42.0278,42.7507,598,540,63,28
Q3,Q3_-vAz_HTFEXs_0,25.4633,26.8158,368,300,48,38
Q3,Q3_-vAz_HTFEXs_1,30.8619,32.436,458,420,48,41
Q3,Q3_02t1bj7ZABY_0,23.6642,25.2059,164,134,38,32
Q3,Q3_02t1bj7ZABY_1,22.9104,25.3081,390,346,48,34
Q3,Q3_0EWWyyV7RJA_0,18.3362,20.3726,606,580,51,30
Q3,Q3_0c2dTJTDUR4_0,36.6646,37.51,202,164,36,28
Q3,Q3_0lEL_XHyhuU_0,27.7278,29.221,204,158,36,38
Q3,Q3_0lEL_XHyhuU_1,26.724,27.9785,302,250,36,40
Q3,Q3_0lEL_XHyhuU_2,27.7097,29.305,310,248,52,38
Q3,Q3_0lEL_XHyhuU_3,27.9884,29.2295,216,172,57,26
Q3,Q3_0vLPYiPN7qY_3,24.8031,26.3077,834,772,35,37
Q3,Q3_0wRQRwnQiqY_0,21.9841,23.265,616,504,60,30
Q3,Q3_1Q3MoBFh6eU_2,23.88,25.1825,502,450,45,45
Q3,Q3_1kny88W533Q_1,25.1536,27.0699,356,306,31,45
Q3,Q3_2eIsQtm4YNs_0,32.3258,33.1957,430,356,37,40
Q3,Q3_2eIsQtm4YNs_1,32.335,33.4238,482,412,43,41
Q3,Q3_2v6gJi03LlA_1,27.2821,30.4393,622,560,51,36
Q3,Q3_3ZnxqCZ7qGg_0,28.6722,29.8407,216,180,21,48
Q3,Q3_4Er-eFHSHA4_1,16.5517,18.6453,440,406,59,24
Q3,Q3_77z6Ep3aOmg_0,22.0375,23.2315,496,400,38,38
Q3,Q3_77z6Ep3aOmg_1,21.6534,22.9657,674,580,43,38
Q3,Q3_7JIdJLkJ0S4_0,18.2588,20.2732,516,456,70,25
Q3,Q3_7JIdJLkJ0S4_1,21.368,23.1816,722,682,56,22
Q3,Q3_9Xg69XrVaYU_1,19.3355,21.3979,476,468,50,41
Q3,Q3_9Xg69XrVaYU_2,18.2462,19.2659,530,524,38,29
Q3,Q3_AacIP9mDLw8_1,32.5699,32.9756,428,372,41,37
Q3,Q3_BIRDDxz0E4c_0,29.3767,30.5163,334,292,43,42
Q3,Q3_By3JCii1k3w_1,31.7965,33.3373,360,344,43,43
Q3,Q3_By3JCii1k3w_2,30.8703,32.6525,328,316,50,36
Q3,Q3_BzqX-9TA-GY_0,31.8293,33.3321,100,82,22,60
Q3,Q3_D3onzY4MNxE_0,28.4645,29.8138,350,282,43,37
Q3,Q3_D3onzY4MNxE_1,28.8719,30.5029,298,242,38,42
Q3,Q3_D8Ed5PZXfF4_0,20.1037,23.3377,394,376,40,36
Q3,Q3_DYBBfpEx-JI_4,46.356,47.0367,446,382,68,26
Q3,Q3_E5qEloUO3SM_1,21.4059,23.7414,418,372,53,33
Q3,Q3_FH28sPhm9Dc_0,31.5577,33.7467,456,364,43,49
Q3,Q3_FOcdHIhI0_s_0,38.0649,38.5679,212,154,57,38
Q3,Q3_FUAK5TBaNY8_0,35.6866,37.1671,602,552,61,36
Q3,Q3_FUAK5TBaNY8_2,36.5167,38.2266,452,420,52,52
Q3,Q3_FUAK5TBaNY8_3,35.9543,37.5529,364,328,44,48
Q3,Q3_G4rL_OtfFAU_0,20.8571,23.2483,800,756,45,32
Q3,Q3_G4rL_OtfFAU_1,28.5846,29.8344,1498,1418,47,42
Q3,Q3_H6_7DjsbROQ_0,19.4408,20.6503,644,608,31,41
Q3,Q3_H6_7DjsbROQ_1,20.1373,21.4616,486,466,35,41
Q3,Q3_H6_7DjsbROQ_4,18.9615,20.2762,436,416,35,41
Q3,Q3_IH2KrGjKXw0_0,25.4535,27.0601,330,258,36,37
Q3,Q3_IH2KrGjKXw0_2,26.7599,28.737,340,304,52,25
Q3,Q3_ISCVfmBvYoM_0,24.8918,27.5145,536,490,16,62
Q3,Q3_Ie5koh4qvJc_0,20.0909,21.6373,494,462,44,36
Q3,Q3_Ie5koh4qvJc_14,27.2215,29.6845,376,298,45,36
Q3,Q3_Ie5koh4qvJc_15,25.9901,27.9234,600,506,48,33
Q3,Q3_Ie5koh4qvJc_18,25.5337,26.9981,462,416,36,36
Q3,Q3_Ie5koh4qvJc_19,27.471,29.7856,328,276,41,42
Q3,Q3_Ie5koh4qvJc_2,26.4552,28.3207,338,290,53,42
Q3,Q3_Ie5koh4qvJc_23,27.9416,29.2122,516,462,42,35
Q3,Q3_Ie5koh4qvJc_24,18.6842,20.658,598,570,44,35
Q3,Q3_Ie5koh4qvJc_29,27.9688,30.1118,170,128,38,41
Q3,Q3_Ie5koh4qvJc_3,27.0232,29.1265,358,302,53,42
Q3,Q3_Ie5koh4qvJc_5,31.0625,31.8495,340,288,42,40
Q3,Q3_Ie5koh4qvJc_8,32.5627,33.3469,756,638,49,42
Q3,Q3_ItGNJM6skM4_0,29.6258,30.1575,1018,938,48,41
Q3,Q3_JNzqL24ZcZ8_0,15.858,17.6257,568,528,58,25
Q3,Q3_JT1XJnVmABo_1,34.779,35.7683,492,448,39,44
Q3,Q3_K84TcgjCRt4_2,29.2205,31.3806,562,508,44,41
Q3,Q3_MbvPxCUMSek_0,23.5861,25.0938,298,244,31,39
Q3,Q3_MbvPxCUMSek_2,25.4767,27.9694,208,172,36,41
Q3,Q3_NTI9ode6bRk_0,34.9963,35.6354,422,272,38,45
Q3,Q3_NTI9ode6bRk_1,33.3853,34.6559,470,340,45,40
Q3,Q3_OO7zYVeK814_0,26.5926,28.7257,340,270,46,37
Q3,Q3_OO7zYVeK814_1,26.9915,28.5012,442,352,52,33
Q3,Q3_OO7zYVeK814_2,26.5,28.6912,244,192,48,33
Q3,Q3_Oku8sIpTMAE_3,20.443,22.3994,392,386,39,45
Q3,Q3_P-We4q3goKU_0,34.64,35.1618,418,350,51,30
Q3,Q3_PLfFWFZflQU_0,23.2014,26.1279,472,432,49,40
Q3,Q3_PLfFWFZflQU_1,27.8016,29.8045,702,620,58,33
Q3,Q3_PXOWy7NiZhk_1,26.3767,27.4275,344,292,58,29
Q3,Q3_QJlnTN7HRwE_0,23.2553,25.2749,228,188,41,40
Q3,Q3_QJlnTN7HRwE_1,26.5,28.9086,250,206,38,41
Q3,Q3_QJlnTN7HRwE_2,25.3084,27.3581,248,214,47,41
Q3,Q3_QJlnTN7HRwE_3,22.7867,24.7023,326,286,60,29
Q3,Q3_REq37pDAm3A_1,31.3539,32.474,428,356,48,44
Q3,Q3_REq37pDAm3A_3,29.5977,30.7,604,522,55,41
Q3,Q3_RiQMuhk_SuQ_0,30.2349,30.7673,202,166,38,41
Q3,Q3_TYkTOwBfFB8_1,23.8263,25.8248,630,616,41,40
Q3,Q3_TonQX8XbvX8_1,21.5673,23.3175,388,342,36,40
Q3,Q3_TonQX8XbvX8_2,24.0904,25.857,390,354,44,28
Q3,Q3_TonQX8XbvX8_3,23.6813,25.2849,370,342,43,36
Q3,Q3_UJcnNfeCN1c_0,34.4286,34.8807,302,266,34,53
Q3,Q3_X1p8xcarVu0_2,27.1905,29.3269,316,294,54,40
Q3,Q3_X1p8xcarVu0_3,29.2331,31.0505,290,266,36,39
Q3,Q3_ZvD8QSO7NPw_1,23.4585,26.2258,656,626,45,39
Q3,Q3_ZvD8QSO7NPw_2,26.051,29.1913,1216,1138,60,38
Q3,Q3__S991V8N-8s_0,30.5233,32.283,656,558,60,32
Q3,Q3_bbU31JLtlug_0,26.4099,27.4986,698,644,49,42
Q3,Q3_bbU31JLtlug_1,24.673,26.8155,900,838,56,35
Q3,Q3_bfopzItCYrE_0,34.2939,36.102,270,228,50,29
Q3,Q3_c6CwY8Gbw0c_0,28.4093,30.435,470,430,60,32
Q3,Q3_c6CwY8Gbw0c_2,29.4872,31.456,436,392,64,37
Q3,Q3_c6CwY8Gbw0c_3,28.6092,30.6331,514,476,55,35
Q3,Q3_c6CwY8Gbw0c_4,28.9844,30.8272,778,706,55,40
Q3,Q3_cCfEDTkuMvg_0,24.1853,26.4963,264,232,44,36
Q3,Q3_egYSmNuIFGk_1,25.5822,26.9626,472,438,36,36
Q3,Q3_egYSmNuIFGk_2,33.9513,34.8551,446,390,31,48
Q3,Q3_epMOLn5Axw0_0,35.3171,37.2154,572,514,45,34
Q3,Q3_f0NbGeyJYms_0,25.9473,27.4065,538,474,62,26
Q3,Q3_fnqb8zqHqdY_0,30.1656,31.9222,362,308,46,37
Q3,Q3_fnqb8zqHqdY_1,31.0841,32.3958,248,214,45,38
Q3,Q3_fnqb8zqHqdY_2,29.8379,30.9992,410,364,45,38
Q3,Q3_fuCxYrru2S4_0,21.7033,24.5659,454,428,59,22
Q3,Q3_g-yM0Lsp4lc_0,26.9031,28.7943,372,320,41,31
Q3,Q3_gvWDOIiocuE_0,32.7668,34.3846,440,416,68,29
Q3,Q3_iRu9KQvbtVw_0,20.3921,21.4942,486,454,69,24
Q3,Q3_ii1Jw1-7Ka4_1,27.7975,28.9677,478,400,47,44
Q3,Q3_ii1Jw1-7Ka4_2,30.9039,31.7591,542,458,53,34
Q3,Q3_ijfxkQPAQdE_0,32.2205,32.7863,1372,1324,36,45
Q3,Q3_ilCcZpD39HU_0,24.4154,26.6037,316,272,38,36
Q3,Q3_ilCcZpD39HU_1,24.4291,25.2704,314,282,38,36
Q3,Q3_ilCcZpD39HU_2,27.4641,29.4658,368,334,47,34
Q3,Q3_ilCcZpD39HU_3,28.1169,29.9382,428,402,55,34
Q3,Q3_ilCcZpD39HU_4,22.65,23.7206,484,460,38,36
Q3,Q3_jTPXwbDtIpA_0,32.5772,33.3715,340,272,41,45
Q3,Q3_kDGmND1BgmA_1,39.7703,40.5711,154,148,26,69
Q3,Q3_kopwU6zpS4k_0,31.6701,32.8787,268,194,48,33
Q3,Q3_ldCQ6N9G6Mk_2,39.3053,40.4382,214,190,48,39
Q3,Q3_ldCQ6N9G6Mk_3,37.5863,39.4095,434,394,48,39
Q3,Q3_ldCQ6N9G6Mk_4,39.4452,40.6045,476,438,61,35
Q3,Q3_ltxNPJda7zE_2,41.1328,42.6954,442,384,67,26
Q3,Q3_nBIls0laAAU_2,33.0688,33.9075,770,698,45,38
Q3,Q3_nBao46YGZDg_0,29.2243,30.4817,242,214,32,45
Q3,Q3_nFunbdBrukY_0,36.9561,37.7103,344,296,41,42
Q3,Q3_p2qihp_PnLY_0,23.1831,25.7165,692,590,38,41
Q3,Q3_p2qihp_PnLY_1,27.4472,28.7786,632,606,39,40
Q3,Q3_qRceKZtwRWA_1,25.4946,27.6268,444,368,47,37
Q3,Q3_qlbazHayULg_13,27.7148,29.3223,900,866,48,28
Q3,Q3_qlbazHayULg_3,31.2838,33.1603,828,800,72,28
Q3,Q3_qlbazHayULg_9,26.988,28.3131,366,332,46,26
Q3,Q3_rEz0D3VohFA_0,30.0855,31.0988,194,152,47,25
Q3,Q3_rrD7XMtPs0Q_0,25.8243,29.0001,430,370,30,43
Q3,Q3_tfuul78deOs_1,31.2,32.6449,404,350,41,40
Q3,Q3_tw_lArYiHTo_0,24.7438,25.9293,762,648,48,29
Q3,Q3_uj3Gif77SYM_1,19.3429,22.541,330,312,48,39
Q3,Q3_uj3Gif77SYM_2,24.0636,25.861,484,456,39,39
Q3,Q3_uj3Gif77SYM_3,26.9372,28.8295,910,812,31,51
Q3,Q3_uj3Gif77SYM_4,28.5747,30.0204,1310,1218,58,33
Q3,Q3_uj3Gif77SYM_5,26.9823,28.7753,1106,1018,61,34
Q3,Q3_uj3Gif77SYM_6,28.1802,29.9928,662,616,54,41
Q3,Q3_uj3Gif77SYM_7,27.5933,28.6411,944,868,41,38
Q3,Q3_uj3Gif77SYM_8,28.0205,29.1762,1362,1268,46,37
Q3,Q3_v2an-9szi8M_0,23.3987,27.6762,350,316,32,40
Q3,Q3_vVTP0DOL_2Q_1,34.0301,37.7914,346,332,48,56
Q3,Q3_veG92Oi-DlU_0,27.7344,29.3817,504,418,43,30
Q3,Q3_veG92Oi-DlU_1,30.2,32.0276,454,390,40,42
Q3,Q3_wfXSdMsd4q8_1,37.29,39.1545,370,300,38,50
Q3,Q3_wfXSdMsd4q8_2,34.8754,36.4967,626,570,51,37
Q3,Q3_wfXSdMsd4q8_3,42,43.3469,518,476,62,38
Q3,Q3_wfXSdMsd4q8_4,35.7625,37.5849,532,480,60,40
Q3,Q3_wlOa1jkTn_U_0,24.0571,25.5985,644,630,59,28
Q3,Q3_wqc8iqbDsGM_1,29.3206,30.2848,296,262,32,36
Q3,Q3_wqc8iqbDsGM_2,32.0805,33.368,522,472,65,38
Q3,Q3_wqc8iqbDsGM_3,28.8185,29.9643,306,248,34,29
Q3,Q3_wqc8iqbDsGM_4,32.3106,33.536,444,396,50,41
Q3,Q3_wxXpvnmq_-E_0,27.9118,29.4804,378,340,41,28
Q3,Q3_wxXpvnmq_-E_2,28.8692,30.6951,286,260,53,36
Q3,Q3_xIsvaT20pZ0_0,24.8867,26.921,448,362,44,40
Q3,Q3_xIsvaT20pZ0_1,24.1745,26.597,532,424,48,36
Q3,Q3_xYZ8n8ULaNo_0,18.6783,20.0972,302,230,52,29
Q3,Q3_xYZ8n8ULaNo_1,19.3088,20.6707,442,340,48,29
Q3,Q3_yZGBxiNPu3k_1,32.9921,34.3404,408,378,48,43
Q3,Q3_yZGBxiNPu3k_2,32.5762,33.6027,610,564,60,24
Q3,Q3_zMa78n8ULtE_1,27.301,28.4009,214,206,49,40
Q3,Q3_zjr_-ql5Avk_0,24.6017,24.9687,138,118,34,42
Q3,Q3_zjr_-ql5Avk_1,22.3656,23.314,194,186,50,31
Q3,Q3_zjr_-ql5Avk_2,23.4583,24.1145,144,120,46,30
Q3,Q3_zvWX_dwQPtU_0,25.5985,27.7514,436,396,51,33
Q3,Q3_zvWX_dwQPtU_1,31.9231,33.8993,560,520,61,40
Q3,Q3_zvWX_dwQPtU_2,30.6308,32.4017,626,604,67,34
Q4,Q4_--2B4d4lQhs_3,41.7801,42.5906,400,332,48,33
Q4,Q4_-_FjI4bT2Wo_1,32.0091,33.1156,498,440,48,40
Q4,Q4_-_FjI4bT2Wo_2,29.7539,30.9755,292,256,48,40
Q4,Q4_0c2dTJTDUR4_1,36.2321,37.2268,320,280,55,28
Q4,Q4_1A9Hh2GrDTs_0,35.806,36.7855,538,500,38,41
Q4,Q4_1Qc15G0ZHIg_0,29.6042,30.6024,336,288,48,28
Q4,Q4_1fdxsFbnsX4_1,30.7,31.709,408,320,44,40
Q4,Q4_1vjy9oMFa8c_0,28.4149,30.7982,514,470,55,27
Q4,Q4_1vjy9oMFa8c_1,29.0229,31.149,240,218,55,27
Q4,Q4_1vjy9oMFa8c_3,30.464,32.3542,244,222,55,27
Q4,Q4_2Z9SjI131jA_5,34.2857,34.6703,302,266,51,38
Q4,Q4_2Z9SjI131jA_6,33.9229,34.1451,472,428,52,36
Q4,Q4_2w5XkAt_3WU_0,24.1629,26.3377,288,264,58,26
Q4,Q4_3N2G21U7guk_0,33.0523,34.192,202,172,48,43
Q4,Q4_3N2G21U7guk_1,32.2167,33.4086,336,300,41,38
Q4,Q4_3N2G21U7guk_2,33.1707,34.06,192,164,39,47
Q4,Q4_3N2G21U7guk_4,29.2982,30.5918,366,332,48,37
Q4,Q4_3TYeU9idRGI_0,25.4294,26.7579,218,170,47,29
Q4,Q4_5DqIntcmdRI_1,19.5118,21.5811,504,424,52,30
Q4,Q4_5J_zI7QE9W8_0,24.7907,26.4837,570,540,46,39
Q4,Q4_5Ju9q1N2x0E_0,21.4228,24.9731,622,596,50,40
Q4,Q4_5Ju9q1N2x0E_1,24.5049,27.1367,878,812,57,33
Q4,Q4_61EA0xRX8gE_2,41.5868,42.2788,534,484,54,29
Q4,Q4_6kRPHamGDSo_2,34.4486,36.2153,400,370,48,50
Q4,Q4_6oLmO9ZSJt0_0,30.2528,31.4746,848,716,53,43
Q4,Q4_6oLmO9ZSJt0_1,33.2857,34.0951,184,140,43,40
Q4,Q4_7yW9c7t8Hq0_0,33.2035,35.5194,266,226,44,38
Q4,Q4_8TYY0qG-KOw_0,30.9956,31.9656,502,456,67,32
Q4,Q4_9eMxCs-LXCE_0,24.5722,26.4013,212,180,38,38
Q4,Q4_9eMxCs-LXCE_2,27.5944,29.6264,532,466,43,41
Q4,Q4_9v2WSpn4FCw_9,43.1133,44.3389,424,362,51,29
Q4,Q4_ADJ_PDauy-g_0,20.4898,21.7431,242,196,43,29
Q4,Q4_ADJ_PDauy-g_2,20.6722,22.2332,400,360,63,26
Q4,Q4_BIRDDxz0E4c_1,27.6326,29.1383,300,264,41,39
Q4,Q4_BaHHHgDd0BU_0,17.502,19.6114,572,502,64,30
Q4,Q4_CkjAksZstEA_0,27.7206,28.3284,246,204,24,47
Q4,Q4_CkjAksZstEA_1,25.0143,25.7628,328,280,34,38
Q4,Q4_DX1IK3z1w10_0,36.2232,37.5492,504,466,40,37
Q4,Q4_DvIH5yUrboc_2,21.3801,22.5371,624,592,42,37
Q4,Q4_Dw7M69CidJ8_2,21.023,22.0541,868,782,44,36
Q4,Q4_E5qEloUO3SM_0,17.6027,19.1328,508,448,50,26
Q4,Q4_E6MARl3zjnQ_0,22.1973,23.5162,668,588,46,34
Q4,Q4_FSzOgraSKhs_1,28.3545,29.8337,394,330,47,38
Q4,Q4_FoTXpYZXxJs_1,28.0792,29.5574,284,240,48,36
Q4,Q4_FyK_c-TIcCA_1,24.2324,26.2718,706,680,49,42
Q4,Q4_FyK_c-TIcCA_2,23.5712,25.1576,2246,2206,45,38
Q4,Q4_GAvPwG2wYZM_1,23.2927,26.1659,384,328,54,33
Q4,Q4_GbUV3TXUzeQ_0,29.7673,30.8739,508,434,48,39
Q4,Q4_HQ8ISDX6PiI_0,28.0107,29.1158,546,468,36,36
Q4,Q4_HQ8ISDX6PiI_1,27.7885,28.9972,424,364,36,38
Q4,Q4_Hwd6l9jK7bo_0,22.6723,23.6734,328,296,36,40
Q4,Q4_I2MrA-o5H8I_1,17.9348,19.2572,754,706,45,31
Q4,Q4_I2MrA-o5H8I_2,17.6504,18.6776,858,818,32,35
Q4,Q4_Ie5koh4qvJc_20,30.7533,31.8159,506,450,51,41
Q4,Q4_Ie5koh4qvJc_21,31.7295,32.359,884,780,52,41
Q4,Q4_Ie5koh4qvJc_27,27.3763,29.2395,640,590,47,43
Q4,Q4_Ie5koh4qvJc_28,25.9844,27.3216,522,448,50,36
Q4,Q4_Ie5koh4qvJc_31,34.9417,36.3217,408,326,52,36
Q4,Q4_J6X3rVU1H-c_0,40.524,41.9572,240,208,34,61
Q4,Q4_JP3QKZlyQz4_0,26.7828,28.2286,258,198,35,41
Q4,Q4_JP3QKZlyQz4_1,27.5136,28.704,276,220,35,41
Q4,Q4_JP3QKZlyQz4_2,25.6935,26.9215,228,186,36,36
Q4,Q4_JT1XJnVmABo_0,28.8418,29.9221,442,392,32,44
Q4,Q4_JT1XJnVmABo_1,34.1816,35.1977,534,490,39,44
Q4,Q4_JT1XJnVmABo_2,32.0976,32.9509,278,246,40,45
Q4,Q4_JxSU49jFKwM_0,25.7262,27.0564,398,336,43,41
Q4,Q4_JxSU49jFKwM_1,26.9628,28.4518,292,242,44,40
Q4,Q4_KRlAez34QfE_0,26.1853,28.2791,384,340,41,41
Q4,Q4_KRlAez34QfE_2,28.0533,30.2061,374,338,53,41
Q4,Q4_KxlqB3j0zys_2,30.817,32.6328,492,448,55,38
Q4,Q4_KxlqB3j0zys_3,30.2543,32.0183,622,582,64,33
Q4,Q4_NP0lwB-_-og_0,30.3987,32.4029,360,316,54,29
Q4,Q4_OUb9uaOlWAM_0,29.9286,30.97,242,182,50,36
Q4,Q4_OgkB7PfqWzA_0,29.6845,30.4551,240,168,48,32
Q4,Q4_OgkB7PfqWzA_1,28.8478,29.5024,240,184,47,32
Q4,Q4_OoxI6k0Qsno_0,26.2119,27.892,272,236,36,41
Q4,Q4_OyaY4213c2A_0,34.9398,37.4344,580,532,60,43
Q4,Q4_OyaY4213c2A_1,33.6192,36.9192,360,344,60,33
Q4,Q4_PK8YIUaV3Xw_1,23.7589,25.0037,328,282,40,41
Q4,Q4_PZN7XLKzLDI_1,26.3264,27.5837,574,530,52,36
Q4,Q4_Q49PWE0RJLY_0,24.6661,25.8813,616,548,55,23
Q4,Q4_Q49PWE0RJLY_1,29.8255,30.9176,442,384,52,35
Q4,Q4_T92R7xjce34_0,37.2984,38.7857,466,382,38,37
Q4,Q4_TOXg4-ZGb-g_1,27.8696,29.6967,272,230,46,36
Q4,Q4_TOXg4-ZGb-g_2,23.6723,25.8948,284,238,48,31
Q4,Q4_Tc684nD8CEA_1,29.3551,31.4165,304,276,48,39
Q4,Q4_Tc684nD8CEA_2,27.6696,29.2856,372,336,40,39
Q4,Q4_Tc684nD8CEA_3,30.2936,32.0713,384,344,46,41
Q4,Q4_TcFVq0leii4_0,31.8322,32.3107,390,304,31,50
Q4,Q4_UaYYMRkHMYc_0,14.6011,15.6226,1108,1078,40,32
Q4,Q4_UbKAl4roB8k_0,20.9007,21.7637,620,574,38,38
Q4,Q4_UpHutdJvZMI_0,22.3702,23.8283,316,262,48,36
Q4,Q4_Ury1cdB79s0_0,22.6587,24.4219,284,208,45,43
Q4,Q4_V3Y9L4UOcpk_1,32.1883,33.7119,534,494,52,35
Q4,Q4_VCSDjQxAJzc_0,23.2207,24.4052,464,426,38,36
Q4,Q4_VCSDjQxAJzc_1,23.8431,25.2711,422,376,43,36
Q4,Q4_VCSDjQxAJzc_2,21.8451,24.0451,248,226,50,24
Q4,Q4_V_jbWvQNh5c_0,28.8059,29.7873,238,170,31,42
Q4,Q4_XC_SiJszQx0_2,28.3427,30.9022,284,248,34,45
Q4,Q4_XWk5XUEBXmg_1,24.1763,26.5981,444,346,43,43
Q4,Q4_Xf2fox7zhCQ_0,24.4973,26.313,398,372,38,37
Q4,Q4_Xf2fox7zhCQ_1,27.8648,29.1719,342,318,44,41
Q4,Q4_Xf2fox7zhCQ_2,25.6532,27.1889,402,372,51,34
Q4,Q4_Xlv4PPGrRRs_1,24.3451,25.3738,418,368,41,37
Q4,Q4_Y1F0c3zgMJo_0,24.3642,25.5534,392,346,46,28
Q4,Q4_YAAxPW1GB7w_0,21.042,22.6723,288,238,36,42
Q4,Q4__BK2o77sTc0_2,27.1177,28.2779,644,586,46,52
Q4,Q4_a5QCcwEjxAk_0,25.1054,26.6117,354,294,43,38
Q4,Q4_a5QCcwEjxAk_1,26.0317,27.5261,296,252,47,41
Q4,Q4_aQ4PIaRMLwE_0,28.2304,29.3994,256,204,35,41
Q4,Q4_aQ4PIaRMLwE_1,28.582,29.8342,462,366,48,41
Q4,Q4_bfopzItCYrE_2,34.8855,36.1627,414,358,53,29
Q4,Q4_biROWEwkDQQ_0,30.9069,32.4077,438,376,55,28
Q4,Q4_biROWEwkDQQ_1,30.1204,32.0716,558,490,57,28
Q4,Q4_biROWEwkDQQ_2,33.6241,34.8741,334,290,53,28
Q4,Q4_cXxGBDgFCs8_2,28.5185,29.915,386,324,55,37
Q4,Q4_d_49EtXDMFE_1,30.7992,32.2811,294,264,44,44
Q4,Q4_d_49EtXDMFE_2,26.958,28.9862,262,238,55,40
Q4,Q4_e838BE_MH6s_0,33.1936,35.0773,612,532,59,39
Q4,Q4_fOYX0uH8mSQ_0,25.5606,26.9846,374,330,36,43
Q4,Q4_fShAWhXIits_0,35.5766,36.4284,882,744,43,26
Q4,Q4_fShAWhXIits_1,38.3232,39.1846,404,362,47,24
Q4,Q4_g15aRCHUJEI_0,25.9433,27.7818,316,282,31,44
Q4,Q4_gwmVjvR-sVs_2,39.6526,41.6179,210,190,55,36
Q4,Q4_gxsdWKc1QaM_0,29.3997,30.1242,652,588,34,48
Q4,Q4_heBmBQDWj-M_1,22.2127,23.171,498,456,43,28
Q4,Q4_hoPp_GLXQis_0,25.8841,27.4769,634,578,40,41
Q4,Q4_hoPp_GLXQis_1,25.5854,27.0206,358,316,52,24
Q4,Q4_iHPKusssXzk_1,20.5417,22.0959,434,384,36,37
Q4,Q4_iHPKusssXzk_2,23.3206,24.5432,526,446,47,37
Q4,Q4_iXiSFSGws-c_0,29.3503,30.7285,442,394,43,41
Q4,Q4_iXiSFSGws-c_2,29.4637,30.9034,402,358,58,41
Q4,Q4_j8Ir-ssM-AA_0,19.8247,21.1524,760,696,39,31
Q4,Q4_j8Ir-ssM-AA_1,24.0276,25.5535,424,362,35,39
Q4,Q4_jCLgDtk695I_2,29.057,30.3648,352,316,36,42
Q4,Q4_jNzZCplNNyY_0,26.3991,27.1323,558,456,42,37
Q4,Q4_jO2zX6Ul8GM_2,26.4914,27.7415,410,348,50,36
Q4,Q4_jSWItJI-Gmk_0,23.6264,25.077,408,364,31,44
Q4,Q4_jSWItJI-Gmk_1,24.3503,26.7762,392,334,55,29
Q4,Q4_k-FNDbK6Qhg_1,34.2727,35.1609,552,506,54,35
Q4,Q4_lQCrA2TE-fo_0,29.4384,30.186,346,292,36,42
Q4,Q4_lQCrA2TE-fo_1,28.953,29.651,354,298,35,43
Q4,Q4_ldCQ6N9G6Mk_0,35.7589,38.9211,132,112,34,65
Q4,Q4_ldCQ6N9G6Mk_1,37.625,38.7747,344,312,43,51
Q4,Q4_ldCQ6N9G6Mk_5,40.0603,41.2796,864,796,55,35
Q4,Q4_ltNK_MY1HkM_0,30.4563,32.2535,218,160,45,38
Q4,Q4_ltNK_MY1HkM_2,27.7054,28.8621,148,112,33,38
Q4,Q4_ltxNPJda7zE_0,32.7955,35.0442,204,176,47,50
Q4,Q4_ltxNPJda7zE_1,40.6378,41.8285,274,254,50,38
Q4,Q4_ltxNPJda7zE_3,36.5164,40.5958,384,366,55,38
Q4,Q4_ltxNPJda7zE_4,34.8354,37.7398,172,158,64,33
Q4,Q4_lvfNo4KOTmM_0,21.0296,22.7459,368,338,39,38
Q4,Q4_mGYKWCVnMwQ_0,21.3374,23.1489,494,406,43,32
Q4,Q4_mGYKWCVnMwQ_1,21.8383,24.0681,628,532,44,38
Q4,Q4_nGkpcWNAxDU_0,24.6108,27.3536,524,406,63,29
Q4,Q4_nGkpcWNAxDU_1,27.2525,28.5221,682,594,40,44
Q4,Q4_nGkpcWNAxDU_2,24.5599,26.5594,580,534,64,32
Q4,Q4_oTi57hZfArE_1,23.7429,24.9662,268,210,43,38
Q4,Q4_pRuwHN-lI44_0,26.685,28.7547,458,400,48,42
Q4,Q4_pRuwHN-lI44_1,27.6105,29.8694,410,362,45,35
Q4,Q4_pRuwHN-lI44_2,28.4672,29.8683,304,274,43,46
Q4,Q4_pkz8OkWhwnk_1,31.1413,31.9055,414,368,31,38
Q4,Q4_q4T8Znozvkk_0,24.5607,25.552,312,214,40,36
Q4,Q4_qRceKZtwRWA_0,23.1174,25.0189,286,230,50,27
Q4,Q4_rW1I58_lMEg_0,21.6881,24.3074,448,404,36,39
Q4,Q4_rW1I58_lMEg_3,22.6965,24.8704,624,570,41,34
Q4,Q4_sA9ac1rod84_1,21.2102,22.3441,628,590,43,40
Q4,Q4_u_7b9CwyM8Q_1,23.7316,25.3237,328,272,55,29
Q4,Q4_vBHoSz8cJIE_3,29.84,32.5138,522,450,53,42
Q4,Q4_vJ77eDxHezE_0,27.3138,29.4704,714,650,52,41
Q4,Q4_vJ77eDxHezE_1,27.5612,29.54,658,588,40,44
Q4,Q4_vpTguZtJAFA_0,24.7638,25.875,362,326,32,39
Q4,Q4_vpTguZtJAFA_2,29.3584,30.7385,508,438,46,41
Q4,Q4_wzSr6qR3Ra0_0,22.6452,24.4423,438,372,57,26
Q4,Q4_xgtwQGeB6_0_0,18.5966,20.6514,484,414,55,26
Q4,Q4_xrhWli_R98g_0,32.55,33.8141,508,460,31,50
Q4,Q4_xrhWli_R98g_2,34.6724,35.8564,378,348,48,38
Q4,Q4_yC0fAQxGgr0_1,23.0234,24.5307,696,598,36,40
